{
  "epoch_duration_hours": {
    "min": 0.0,
    "max": 23.99448000267148,
    "mean": 3.8350833834352214,
    "median": 2.938320005312562,
    "std": 4.6227021592310775,
    "q05": 0.0,
    "q25": 0.565200001001358,
    "q75": 5.2870739959180355,
    "q95": 10.123065601475536,
    "n": 14020
  },
  "points_per_epoch": {
    "min": 1.0,
    "max": 1549.0,
    "mean": 21.870491337688158,
    "median": 1.0,
    "std": 62.89091362696135,
    "q05": 1.0,
    "q25": 1.0,
    "q75": 11.0,
    "q95": 109.0,
    "n": 31689
  },
  "inter_epoch_gaps_days": {
    "min": 0.00020800018683075905,
    "max": 2457070.393263,
    "mean": 13801.96180492572,
    "median": 2.8529489999637008,
    "std": 182741.59641074575,
    "q05": 0.7113086502300575,
    "q25": 0.9979065001243725,
    "q75": 8.970183250145055,
    "q95": 320.41369775009804,
    "n": 31512
  },
  "intra_epoch_spacing_minutes": {
    "min": -1410.0422405451536,
    "max": 1437.5203205645084,
    "mean": 4.740664397706189,
    "median": 2.115360349416733,
    "std": 28.032554952049413,
    "q05": 0.37295982241630554,
    "q25": 1.0367998480796814,
    "q75": 5.3092798590660095,
    "q95": 15.177600234746933,
    "n": 661365
  },
  "raw_counts": {
    "n_durations": 14020,
    "n_points": 693054,
    "n_inter_gaps": 31512,
    "n_intra_spacings": 661365
  }
}