{"asteroid_1001": {"pole_gt": [0.33738067746162415, -0.3037789463996887, 0.8910065293312073], "period_hours": 0}, "asteroid_1002": {"pole_gt": [0.17821510136127472, 0.8384361267089844, -0.5150380730628967], "period_hours": 0}, "asteroid_1003": {"pole_gt": [-0.6645187735557556, -0.153416246175766, -0.7313537001609802], "period_hours": 0}, "asteroid_1004": {"pole_gt": [-0.34618860483169556, 0.24240387976169586, -0.9063078165054321], "period_hours": 0}, "asteroid_1005": {"pole_gt": [-0.08123756945133209, 0.1913837194442749, -0.9781476259231567], "period_hours": 0}, "asteroid_1007": {"pole_gt": [0.40269285440444946, 0.44723573327064514, -0.7986354827880859], "period_hours": 0}, "asteroid_1008": {"pole_gt": [0.4755282700061798, 0.345491498708725, 0.80901700258255], "period_hours": 0}, "asteroid_1009": {"pole_gt": [-0.009248366579413414, -0.5298385620117188, 0.8480480909347534], "period_hours": 0}, "asteroid_1010": {"pole_gt": [2.3925381963651123e-17, 0.3907311260700226, -0.9205048680305481], "period_hours": 0}, "asteroid_1012": {"pole_gt": [-0.9559957981109619, 0.10047920793294907, 0.27563735842704773], "period_hours": 0}, "asteroid_1013": {"pole_gt": [0.3320276439189911, -0.30962076783180237, 0.8910065293312073], "period_hours": 0}, "asteroid_1014": {"pole_gt": [-0.0706290751695633, -0.40055739879608154, 0.9135454297065735], "period_hours": 0}, "asteroid_1015": {"pole_gt": [0.18895207345485687, 0.026555482298135757, 0.9816272258758545], "period_hours": 0}, "asteroid_1016": {"pole_gt": [0.05578715354204178, 0.28700003027915955, 0.9563047885894775], "period_hours": 0}, "asteroid_1017": {"pole_gt": [-0.3909803628921509, 0.8781562447547913, -0.27563735842704773], "period_hours": 0}, "asteroid_1018": {"pole_gt": [0.1618773490190506, 0.649254560470581, -0.7431448101997375], "period_hours": 0}, "asteroid_1019": {"pole_gt": [0.3892095983028412, 0.26252520084381104, 0.8829476237297058], "period_hours": 0}, "asteroid_101": {"pole_gt": [0.8285325169563293, 0.5588522553443909, 0.03489949554204941], "period_hours": 0}, "asteroid_1020": {"pole_gt": [0.8180294036865234, 0.5727903842926025, -0.0523359552025795], "period_hours": 0}, "asteroid_1021": {"pole_gt": [0.31056293845176697, -0.20947735011577606, 0.9271838665008545], "period_hours": 0}, "asteroid_1022": {"pole_gt": [-0.155273899435997, 0.4266115128993988, 0.8910065293312073], "period_hours": 0}, "asteroid_1023": {"pole_gt": [0.6759583353996277, -0.6527653932571411, 0.342020183801651], "period_hours": 0}, "asteroid_1024": {"pole_gt": [-0.06768441945314407, 0.9679321646690369, 0.24192191660404205], "period_hours": 0}, "asteroid_1025": {"pole_gt": [-0.8109332919120789, -0.4495076537132263, 0.37460657954216003], "period_hours": 0}, "asteroid_1026": {"pole_gt": [-0.9848433136940002, 0.10351120680570602, -0.13917312026023865], "period_hours": 0}, "asteroid_1027": {"pole_gt": [0.3134356737136841, 0.8165278434753418, -0.48480960726737976], "period_hours": 0}, "asteroid_1028": {"pole_gt": [-0.49058857560157776, -0.4737558662891388, 0.7313537001609802], "period_hours": 0}, "asteroid_1029": {"pole_gt": [0.17045778036117554, 0.03313363716006279, 0.9848077893257141], "period_hours": 0}, "asteroid_102": {"pole_gt": [-0.23810547590255737, 0.6915085315704346, 0.6819983720779419], "period_hours": 0}, "asteroid_1030": {"pole_gt": [0.6606593728065491, 0.21466124057769775, -0.7193397879600525], "period_hours": 0}, "asteroid_1031": {"pole_gt": [0.07788509130477905, 0.19277235865592957, 0.9781476259231567], "period_hours": 0}, "asteroid_1032": {"pole_gt": [-0.18163563311100006, 0.55901700258255, -0.80901700258255], "period_hours": 0}, "asteroid_1033": {"pole_gt": [-0.7026572227478027, 0.6326754093170166, 0.32556816935539246], "period_hours": 0}, "asteroid_1034": {"pole_gt": [-0.7600936889648438, -0.49361059069633484, 0.4226182699203491], "period_hours": 0}, "asteroid_1035": {"pole_gt": [0.5547788739204407, -0.41805586218833923, 0.7193398475646973], "period_hours": 0}, "asteroid_1036": {"pole_gt": [0.010881257243454456, 0.20762676000595093, 0.9781476259231567], "period_hours": 0}, "asteroid_1037": {"pole_gt": [0.5133530497550964, 0.38683927059173584, -0.7660444974899292], "period_hours": 0}, "asteroid_1038": {"pole_gt": [0.8366276025772095, -0.05850270017981529, 0.5446390509605408], "period_hours": 0}, "asteroid_1039": {"pole_gt": [0.4484011232852936, 0.07101976126432419, 0.8910065293312073], "period_hours": 0}, "asteroid_103": {"pole_gt": [-0.4406500458717346, 0.34427356719970703, 0.829037606716156], "period_hours": 0}, "asteroid_1040": {"pole_gt": [0.6952894330024719, -0.4689786434173584, 0.5446390509605408], "period_hours": 0}, "asteroid_1041": {"pole_gt": [-0.32374435663223267, -0.27165377140045166, -0.9063078165054321], "period_hours": 0}, "asteroid_1042": {"pole_gt": [-0.030579226091504097, 0.4373033046722412, -0.8987940549850464], "period_hours": 0}, "asteroid_1043": {"pole_gt": [-0.3807484805583954, 0.2472609430551529, 0.8910065293312073], "period_hours": 0}, "asteroid_1044": {"pole_gt": [0.26631927490234375, 0.6937854886054993, 0.6691306233406067], "period_hours": 0}, "asteroid_1045": {"pole_gt": [0.12062616646289825, 0.6841049790382385, -0.7193398475646973], "period_hours": 0}, "asteroid_104": {"pole_gt": [0.603955864906311, -0.48907381296157837, 0.6293203830718994], "period_hours": 0}}